Workbook
Name dataset: Dataset!$A$1:$I$201
Name Slicer_Customer_Name: #REF!

Sheet Project Instructions
A1: PR. 2 Analyzer
A2: Topics: - Conditional Formatting - WHAT IF Analysis - Linear Regression (Using Data Analysis Toolpak) - Data Analysis Feature (Descriptive Stats, Regression, Histogram) - Data Storytelling - Add Symbols or Arrows in Custom Formatting - Create Timestamp - Find High-Value Customers using Groupby(), index(), and match() combination - Advanced Descriptive Analytics - Pivot Table with Dashboard - Creating bar charts - Creating line charts - Creating pie charts Main Tasks: 1. Apply conditional formatting to highlight top 10 customers based on total purchase. 2. Perform WHAT IF Analysis to see impact of changing discount on total profit. 3. Use Data Analysis Toolpak to run Linear Regression (Profit vs Sales). 4. Use 'Descriptive Statistics' from Analysis Toolpak on the dataset. 5. Add up/down arrows on monthly sales growth. 6. Create a timestamp column using NOW(). 7. Identify high-value customers using index(), match(), and filters. 8. Create Pivot Table to analyze total sales by region and product. 9. Create bar, line, and pie charts to visualize KPIs. 10. Summarize insights using a dashboard. Deliverable: Complete the given worksheet by applying the required formulas in respective sheets.

Sheet Dataset
A1: Customer_ID | B1: Customer_Name | C1: Region | D1: Product_Category | E1: Sales | F1: Quantity | G1: Discount | H1: Order_Date | I1: Profit
A2: CUST019 | B2: James Davis | C2: West | D2: Books | E2: 1036.09 | F2: 4 | G2: 0.2 | H2: 45392 | I2: 331.55
A3: CUST012 | B3: Robert Anderson | C3: West | D3: Clothing | E3: 1101.28 | F3: 3 | G3: 0.2 | H3: 45393 | I3: 440.51
A4: CUST017 | B4: James Taylor | C4: East | D4: Books | E4: 713.34 | F4: 17 | G4: 0 | H4: 45396 | I4: 285.34
A5: CUST005 | B5: Robert Anderson | C5: South | D5: Electronics | E5: 760.93 | F5: 4 | G5: 0.15 | H5: 45396 | I5: 161.7
A6: CUST030 | B6: James Wilson | C6: North | D6: Books | E6: 847 | F6: 12 | G6: 0.2 | H6: 45397 | I6: 271.04
A7: CUST007 | B7: Michael Anderson | C7: North | D7: Furniture | E7: 965.64 | F7: 8 | G7: 0.1 | H7: 45398 | I7: 304.18
A8: CUST001 | B8: Linda Wilson | C8: West | D8: Electronics | E8: 1317.53 | F8: 12 | G8: 0.05 | H8: 45398 | I8: 312.91
A9: CUST026 | B9: Mary Davis | C9: East | D9: Furniture | E9: 1074.47 | F9: 6 | G9: 0.2 | H9: 45401 | I9: 300.85
A10: CUST009 | B10: Linda Jackson | C10: Central | D10: Books | E10: 501.54 | F10: 11 | G10: 0.05 | H10: 45401 | I10: 190.59
A11: CUST010 | B11: David Thomas | C11: Central | D11: Clothing | E11: 737.31 | F11: 2 | G11: 0.05 | H11: 45401 | I11: 350.22
A12: CUST014 | B12: Emma Davis | C12: West | D12: Office Supplies | E12: 1572.82 | F12: 6 | G12: 0.05 | H12: 45402 | I12: 672.38
A13: CUST014 | B13: David Thomas | C13: Central | D13: Books | E13: 1343.13 | F13: 14 | G13: 0.15 | H13: 45404 | I13: 456.66
... A201: CUST016 | B201: David Thomas | C201: South | D201: Clothing | E201: 928.32 | F201: 2 | G201: 0.05 | H201: 45754 | I201: 440.95

Sheet dashboard

Sheet Region
A3: Region | B3: Sum of Sales
A4: Central | B4: 43468.33
A5: East | B5: 32441.64
A6: North | B6: 34975.42
A7: South | B7: 40248.79
A8: West | B8: 44083.58
A9: Grand Total | B9: 195217.76

Sheet Product
A3: Product_Category | B3: Sum of Sales
A4: Books | B4: 47002.46
A5: Clothing | B5: 41927.59
A6: Electronics | B6: 41044
A7: Furniture | B7: 36612.89
A8: Office Supplies | B8: 28630.82
A9: Grand Total | B9: 195217.76

Sheet region vs product
A3: Sum of Sales | B3: Product_Category
A4: Region | B4: Books | C4: Clothing | D4: Electronics | E4: Furniture | F4: Office Supplies | G4: Grand Total
A5: Central | B5: 11297.15 | C5: 12200.26 | D5: 6621.24 | E5: 4876.96 | F5: 8472.72 | G5: 43468.33
A6: Grand Total | B6: 11297.15 | C6: 12200.26 | D6: 6621.24 | E6: 4876.96 | F6: 8472.72 | G6: 43468.33

Sheet Conditional formatting
A1: Customer_Name | B1: Total Sales
A2: {=UNIQUE(Dataset!B2:B201)} -> James Davis | B2: =SUMIFS(Dataset!E2:E201,Dataset!B2:B201,A2) -> 6255.7
A3: Robert Anderson | B3: =SUMIFS(Dataset!E3:E202,Dataset!B3:B202,A3) -> 8331.85
A4: James Taylor | B4: =SUMIFS(Dataset!E4:E203,Dataset!B4:B203,A4) -> 5615.28
A5: James Wilson | B5: =SUMIFS(Dataset!E5:E204,Dataset!B5:B204,A5) -> 20774.74
A6: Michael Anderson | B6: =SUMIFS(Dataset!E6:E205,Dataset!B6:B205,A6) -> 7881.9
A7: Linda Wilson | B7: =SUMIFS(Dataset!E7:E206,Dataset!B7:B206,A7) -> 9970.2
A8: Mary Davis | B8: =SUMIFS(Dataset!E8:E207,Dataset!B8:B207,A8) -> 17143.29
A9: Linda Jackson | B9: =SUMIFS(Dataset!E9:E208,Dataset!B9:B208,A9) -> 3968.59
A10: David Thomas | B10: =SUMIFS(Dataset!E10:E209,Dataset!B10:B209,A10) -> 7020.38
A11: Emma Davis | B11: =SUMIFS(Dataset!E11:E210,Dataset!B11:B210,A11) -> 11398.32
A12: David Smith | B12: =SUMIFS(Dataset!E12:E211,Dataset!B12:B211,A12) -> 1672.88
A13: Sarah Anderson | B13: =SUMIFS(Dataset!E13:E212,Dataset!B13:B212,A13) -> 7296.19
A14: Lisa Thomas | B14: =SUMIFS(Dataset!E14:E213,Dataset!B14:B213,A14) -> 8635.95
... A28: David Anderson | B28: =SUMIFS(Dataset!E28:E227,Dataset!B28:B227,A28) -> 5465.71
A30: total | B30: =SUM(B2:B28) -> 195217.76

Sheet month sales
